{"tcbInfo":{"version":1,"issueDate":"2018-07-23T14:35:49Z","nextUpdate":"2018-07-30T14:35:49Z","fmspc":"00906EA10000","tcbLevels":[{"tcb":{"sgxtcbcomp01svn":4,"sgxtcbcomp02svn":4,"sgxtcbcomp03svn":2,"sgxtcbcomp04svn":4,"sgxtcbcomp05svn":1,"sgxtcbcomp06svn":128,"sgxtcbcomp07svn":0,"sgxtcbcomp08svn":0,"sgxtcbcomp09svn":0,"sgxtcbcomp10svn":0,"sgxtcbcomp11svn":0,"sgxtcbcomp12svn":0,"sgxtcbcomp13svn":0,"sgxtcbcomp14svn":0,"sgxtcbcomp15svn":0,"sgxtcbcomp16svn":0,"pcesvn":5},"status":"UpToDate"},{"tcb":{"sgxtcbcomp01svn":2,"sgxtcbcomp02svn":2,"sgxtcbcomp03svn":2,"sgxtcbcomp04svn":4,"sgxtcbcomp05svn":1,"sgxtcbcomp06svn":128,"sgxtcbcomp07svn":0,"sgxtcbcomp08svn":0,"sgxtcbcomp09svn":0,"sgxtcbcomp10svn":0,"sgxtcbcomp11svn":0,"sgxtcbcomp12svn":0,"sgxtcbcomp13svn":0,"sgxtcbcomp14svn":0,"sgxtcbcomp15svn":0,"sgxtcbcomp16svn":0,"pcesvn":4},"status":"OutOfDate"}]},"signature":"43cc4895a9b1035ef4c5aa0290913a31c1825d192ecbe0ef4854c603f2dede023665cd622f25825bbae1f8f8dc6e1286cdee499c8a40fc76d689dd2a3329a1c1"}
