{
  "tcbInfo": {
    "version": 10000000000000000000000000000000000,
    "issueDate": "2018-06-06T10:12:17.085Z",
    "fmspc": "00906EA10000",
    "tcbLevels": [
      {
        "tcb": {
          "sgxtcbcomp01svn": 4,
          "sgxtcbcomp02svn": 4,
          "sgxtcbcomp03svn": 2,
          "sgxtcbcomp04svn": 4,
          "sgxtcbcomp05svn": 1,
          "sgxtcbcomp06svn": 128,
          "sgxtcbcomp07svn": 1,
          "sgxtcbcomp08svn": 1,
          "sgxtcbcomp09svn": 1,
          "sgxtcbcomp10svn": 1,
          "sgxtcbcomp11svn": 1,
          "sgxtcbcomp12svn": 1,
          "sgxtcbcomp13svn": 1,
          "sgxtcbcomp14svn": 1,
          "sgxtcbcomp15svn": 1,
          "sgxtcbcomp16svn": 1,
          "pcesvn": 5
        },
        "status": "UpToDate"
      },
      {
        "tcb": {
          "sgxtcbcomp01svn": 2,
          "sgxtcbcomp02svn": 2,
          "sgxtcbcomp03svn": 2,
          "sgxtcbcomp04svn": 4,
          "sgxtcbcomp05svn": 1,
          "sgxtcbcomp06svn": 128,
          "sgxtcbcomp07svn": 1,
          "sgxtcbcomp08svn": 1,
          "sgxtcbcomp09svn": 1,
          "sgxtcbcomp10svn": 1,
          "sgxtcbcomp11svn": 1,
          "sgxtcbcomp12svn": 1,
          "sgxtcbcomp13svn": 1,
          "sgxtcbcomp14svn": 1,
          "sgxtcbcomp15svn": 1,
          "sgxtcbcomp16svn": 1,
          "pcesvn": 4
        },
        "status": "OutOfDate"
      },
      {
        "tcb": {
          "sgxtcbcomp01svn": 2,
          "sgxtcbcomp02svn": 2,
          "sgxtcbcomp03svn": 2,
          "sgxtcbcomp04svn": 4,
          "sgxtcbcomp05svn": 1,
          "sgxtcbcomp06svn": 128,
          "sgxtcbcomp07svn": 1,
          "sgxtcbcomp08svn": 1,
          "sgxtcbcomp09svn": 1,
          "sgxtcbcomp10svn": 1,
          "sgxtcbcomp11svn": 1,
          "sgxtcbcomp12svn": 1,
          "sgxtcbcomp13svn": 1,
          "sgxtcbcomp14svn": 1,
          "sgxtcbcomp15svn": 1,
          "sgxtcbcomp16svn": 1,
          "pcesvn": 3
        },
        "status": "Revoked"
      }
    ]
  },
  "signature": "1c4ba863213b825d1c0b66b92a3dbdb27b8ff7c7250cb2b2ab87a8f90d5e5a1416914369d8f82c56cd3d875caa54ae4b917caf4af7a93dec52067cbfd7b"
}
